seq,d,custom_ms,naive_torch_ms,sdpa_ms,speedup_vs_naive,speedup_vs_sdpa
128,64,0.10066,0.09379,0.13981,0.932,1.389
256,64,0.23518,0.09253,0.2431,0.393,1.034
512,64,0.75112,0.09704,0.14069,0.129,0.187
1024,64,1.53997,0.16011,0.23766,0.104,0.154
2048,64,5.9349,0.65046,0.8151,0.11,0.137
