rows,cols,custom_ms,torch_ms,custom_gbps,torch_gbps,speedup
8192,256,0.35746,0.16387,46.94,102.38,0.458
8192,768,0.46378,0.23606,108.53,213.21,0.509
8192,1024,0.37582,0.30922,178.56,217.03,0.823
8192,4096,1.59949,1.65126,167.83,162.56,1.032
8192,12288,5.1712,4.91798,155.73,163.75,0.951
