N,naive_ms,tiled_ms,torch_ms,naive_gflops,tiled_gflops,torch_gflops,tiled_vs_naive_speedup,tiled_pct_of_cublas
256,0.17224,0.10336,0.05093,194.8,324.6,658.9,1.666,49.3
512,0.83579,0.5449,0.10536,321.2,492.6,2547.8,1.534,19.3
1024,4.52126,2.83464,0.49562,475.0,757.6,4333.0,1.595,17.5
2048,41.55288,27.38682,4.6408,413.4,627.3,3701.9,1.517,16.9
4096,,223.08123,38.396,,616.1,3579.5,,17.2
