rows,cols,custom_ms,torch_ms,custom_gbps,torch_gbps,speedup
4096,128,0.2368,0.02213,17.71,189.55,0.093
4096,512,0.22782,0.08502,73.64,197.32,0.373
4096,1024,0.24939,0.16533,134.54,202.96,0.663
4096,4096,0.72077,0.61472,186.21,218.34,0.853
4096,16384,5.72845,3.11712,93.72,172.23,0.544
