n,custom_ms,torch_ms,custom_gbps,torch_gbps,speedup
65536,0.03024,0.01723,26.01,45.64,0.57
262144,0.03728,0.0169,84.38,186.18,0.453
1048576,0.07648,0.06141,164.53,204.91,0.803
4194304,0.2212,0.21507,227.54,234.02,0.972
16777216,0.8017,0.84582,251.13,238.02,1.055
67108864,3.38987,3.35877,237.56,239.76,0.991
